x-axis,1,2
second,Volt,Volt
-10.00400E-03,+3.17500001E+00,+684.37505E-03
-9.98400E-03,+3.17500001E+00,+684.37505E-03
-9.96400E-03,+3.12500001E+00,+659.37505E-03
-9.94400E-03,+3.16250001E+00,+678.12505E-03
-9.92400E-03,+3.12500001E+00,+671.87505E-03
-9.90400E-03,+3.06250001E+00,+681.25005E-03
-9.88400E-03,+3.15000001E+00,+696.87505E-03
-9.86400E-03,+3.12500001E+00,+687.50005E-03
-9.84400E-03,+3.11250001E+00,+659.37505E-03
-9.82400E-03,+3.11250001E+00,+665.62505E-03
-9.80400E-03,+762.50001E-03,+668.75005E-03
-9.78400E-03,+75.00001E-03,+693.75005E-03
-9.76400E-03,+100.00001E-03,+687.50005E-03
-9.74400E-03,+162.50001E-03,+659.37505E-03
-9.72400E-03,+175.00001E-03,+653.12505E-03
-9.70400E-03,+125.00001E-03,+653.12505E-03
-9.68400E-03,+112.50001E-03,+628.12505E-03
-9.66400E-03,+162.50001E-03,+621.87505E-03
-9.64400E-03,+125.00001E-03,+621.87505E-03
-9.62400E-03,+162.50001E-03,+596.87505E-03
-9.60400E-03,+125.00001E-03,+565.62505E-03
-9.58400E-03,+162.50001E-03,+559.37505E-03
-9.56400E-03,+125.00001E-03,+546.87505E-03
-9.54400E-03,+162.50001E-03,+531.25005E-03
-9.52400E-03,+75.00001E-03,+465.62505E-03
-9.50400E-03,+150.00001E-03,+475.00005E-03
-9.48400E-03,+125.00001E-03,+418.75005E-03
-9.46400E-03,+162.50001E-03,+390.62505E-03
-9.44400E-03,+125.00001E-03,+375.00005E-03
-9.42400E-03,+112.50001E-03,+321.87505E-03
-9.40400E-03,+162.50001E-03,+296.87505E-03
-9.38400E-03,+175.00001E-03,+256.25005E-03
-9.36400E-03,+175.00001E-03,+221.87505E-03
-9.34400E-03,+175.00001E-03,+190.62505E-03
-9.32400E-03,+175.00001E-03,+159.37505E-03
-9.30400E-03,+125.00001E-03,+140.62505E-03
-9.28400E-03,+162.50001E-03,+112.50005E-03
-9.26400E-03,+125.00001E-03,+68.75005E-03
-9.24400E-03,+212.50001E-03,+46.87505E-03
-9.22400E-03,+137.50001E-03,+18.75005E-03
-9.20400E-03,+112.50001E-03,-24.99995E-03
-9.18400E-03,+112.50001E-03,-46.87495E-03
-9.16400E-03,+112.50001E-03,-87.49995E-03
-9.14400E-03,+112.50001E-03,-121.87495E-03
-9.12400E-03,+112.50001E-03,-128.12495E-03
-9.10400E-03,+112.50001E-03,-140.62495E-03
-9.08400E-03,+162.50001E-03,-168.74995E-03
-9.06400E-03,+125.00001E-03,-187.49995E-03
-9.04400E-03,+162.50001E-03,-215.62495E-03
-9.02400E-03,+125.00001E-03,-246.87495E-03
-9.00400E-03,+112.50001E-03,-253.12495E-03
-8.98400E-03,+162.50001E-03,-265.62495E-03
-8.96400E-03,+175.00001E-03,-281.24995E-03
-8.94400E-03,+125.00001E-03,-284.37495E-03
-8.92400E-03,+162.50001E-03,-296.87495E-03
-8.90400E-03,+125.00001E-03,-299.99995E-03
-8.88400E-03,+112.50001E-03,-312.49995E-03
-8.86400E-03,+112.50001E-03,-340.62495E-03
-8.84400E-03,+162.50001E-03,-359.37495E-03
-8.82400E-03,+175.00001E-03,-349.99995E-03
-8.80400E-03,+125.00001E-03,-346.87495E-03
-8.78400E-03,+162.50001E-03,-346.87495E-03
-8.76400E-03,+125.00001E-03,-359.37495E-03
-8.74400E-03,+112.50001E-03,-362.49995E-03
-8.72400E-03,+162.50001E-03,-362.49995E-03
-8.70400E-03,+125.00001E-03,-337.49995E-03
-8.68400E-03,+162.50001E-03,-343.74995E-03
-8.66400E-03,+175.00001E-03,-346.87495E-03
-8.64400E-03,+125.00001E-03,-346.87495E-03
-8.62400E-03,+112.50001E-03,-334.37495E-03
-8.60400E-03,+162.50001E-03,-306.24995E-03
-8.58400E-03,+175.00001E-03,-274.99995E-03
-8.56400E-03,+125.00001E-03,-256.24995E-03
-8.54400E-03,+162.50001E-03,-265.62495E-03
-8.52400E-03,+175.00001E-03,-256.24995E-03
-8.50400E-03,+125.00001E-03,-240.62495E-03
-8.48400E-03,+62.50001E-03,-199.99995E-03
-8.46400E-03,+150.00001E-03,-228.12495E-03
-8.44400E-03,+125.00001E-03,-187.49995E-03
-8.42400E-03,+162.50001E-03,-162.49995E-03
-8.40400E-03,+125.00001E-03,-159.37495E-03
-8.38400E-03,+162.50001E-03,-121.87495E-03
-8.36400E-03,+175.00001E-03,-112.49995E-03
-8.34400E-03,+175.00001E-03,-87.49995E-03
-8.32400E-03,+125.00001E-03,-68.74995E-03
-8.30400E-03,+112.50001E-03,-65.62495E-03
-8.28400E-03,+162.50001E-03,-40.62495E-03
-8.26400E-03,+175.00001E-03,-9.37495E-03
-8.24400E-03,+175.00001E-03,+9.37505E-03
-8.22400E-03,+175.00001E-03,+12.50005E-03
-8.20400E-03,+125.00001E-03,+25.00005E-03
-8.18400E-03,+112.50001E-03,+53.12505E-03
-8.16400E-03,+112.50001E-03,+46.87505E-03
-8.14400E-03,+112.50001E-03,+81.25005E-03
-8.12400E-03,+162.50001E-03,+90.62505E-03
-8.10400E-03,+175.00001E-03,+103.12505E-03
-8.08400E-03,+125.00001E-03,+143.75005E-03
-8.06400E-03,+112.50001E-03,+140.62505E-03
-8.04400E-03,+162.50001E-03,+162.50005E-03
-8.02400E-03,+125.00001E-03,+168.75005E-03
-8.00400E-03,+112.50001E-03,+168.75005E-03
-7.98400E-03,+112.50001E-03,+193.75005E-03
-7.96400E-03,+112.50001E-03,+200.00005E-03
-7.94400E-03,+112.50001E-03,+225.00005E-03
-7.92400E-03,+112.50001E-03,+231.25005E-03
-7.90400E-03,+62.50001E-03,+231.25005E-03
-7.88400E-03,+150.00001E-03,+243.75005E-03
-7.86400E-03,+125.00001E-03,+221.87505E-03
-7.84400E-03,+112.50001E-03,+253.12505E-03
-7.82400E-03,+112.50001E-03,+262.50005E-03
-7.80400E-03,+112.50001E-03,+275.00005E-03
-7.78400E-03,+162.50001E-03,+253.12505E-03
-7.76400E-03,+125.00001E-03,+284.37505E-03
-7.74400E-03,+112.50001E-03,+281.25005E-03
-7.72400E-03,+162.50001E-03,+265.62505E-03
-7.70400E-03,+125.00001E-03,+287.50005E-03
-7.68400E-03,+112.50001E-03,+256.25005E-03
-7.66400E-03,+162.50001E-03,+234.37505E-03
-7.64400E-03,+125.00001E-03,+243.75005E-03
-7.62400E-03,+162.50001E-03,+246.87505E-03
-7.60400E-03,+125.00001E-03,+259.37505E-03
-7.58400E-03,+162.50001E-03,+237.50005E-03
-7.56400E-03,+75.00001E-03,+231.25005E-03
-7.54400E-03,+150.00001E-03,+206.25005E-03
-7.52400E-03,+125.00001E-03,+212.50005E-03
-7.50400E-03,+162.50001E-03,+190.62505E-03
-7.48400E-03,+125.00001E-03,+184.37505E-03
-7.46400E-03,+112.50001E-03,+159.37505E-03
-7.44400E-03,+112.50001E-03,+165.62505E-03
-7.42400E-03,+162.50001E-03,+156.25005E-03
-7.40400E-03,+125.00001E-03,+140.62505E-03
-7.38400E-03,+162.50001E-03,+137.50005E-03
-7.36400E-03,+125.00001E-03,+137.50005E-03
-7.34400E-03,+112.50001E-03,+125.00005E-03
-7.32400E-03,+162.50001E-03,+109.37505E-03
-7.30400E-03,+125.00001E-03,+93.75005E-03
-7.28400E-03,+162.50001E-03,+90.62505E-03
-7.26400E-03,+125.00001E-03,+65.62505E-03
-7.24400E-03,+162.50001E-03,+59.37505E-03
-7.22400E-03,+125.00001E-03,+59.37505E-03
-7.20400E-03,+112.50001E-03,+59.37505E-03
-7.18400E-03,+112.50001E-03,+34.37505E-03
-7.16400E-03,+162.50001E-03,+40.62505E-03
-7.14400E-03,+125.00001E-03,-6.24995E-03
-7.12400E-03,+162.50001E-03,+6.25005E-03
-7.10400E-03,+175.00001E-03,-12.49995E-03
-7.08400E-03,+125.00001E-03,-18.74995E-03
-7.06400E-03,+162.50001E-03,-18.74995E-03
-7.04400E-03,+125.00001E-03,-56.24995E-03
-7.02400E-03,+112.50001E-03,-53.12495E-03
-7.00400E-03,+62.50001E-03,-49.99995E-03
-6.98400E-03,+150.00001E-03,-49.99995E-03
-6.96400E-03,+75.00001E-03,-62.49995E-03
-6.94400E-03,+100.00001E-03,-90.62495E-03
-6.92400E-03,+112.50001E-03,-96.87495E-03
-6.90400E-03,+112.50001E-03,-96.87495E-03
-6.88400E-03,+162.50001E-03,-84.37495E-03
-6.86400E-03,+125.00001E-03,-106.24995E-03
-6.84400E-03,+112.50001E-03,-99.99995E-03
-6.82400E-03,+112.50001E-03,-71.87495E-03
-6.80400E-03,+112.50001E-03,-90.62495E-03
-6.78400E-03,+162.50001E-03,-121.87495E-03
-6.76400E-03,+125.00001E-03,-115.62495E-03
-6.74400E-03,+112.50001E-03,-112.49995E-03
-6.72400E-03,+112.50001E-03,-112.49995E-03
-6.70400E-03,+162.50001E-03,-112.49995E-03
-6.68400E-03,+125.00001E-03,-112.49995E-03
-6.66400E-03,+112.50001E-03,-112.49995E-03
-6.64400E-03,+162.50001E-03,-99.99995E-03
-6.62400E-03,+175.00001E-03,-96.87495E-03
-6.60400E-03,+175.00001E-03,-109.37495E-03
-6.58400E-03,+125.00001E-03,-87.49995E-03
-6.56400E-03,+112.50001E-03,-118.74995E-03
-6.54400E-03,+162.50001E-03,-90.62495E-03
-6.52400E-03,+125.00001E-03,-93.74995E-03
-6.50400E-03,+162.50001E-03,-96.87495E-03
-6.48400E-03,+175.00001E-03,-71.87495E-03
-6.46400E-03,+175.00001E-03,-53.12495E-03
-6.44400E-03,+175.00001E-03,-74.99995E-03
-6.42400E-03,+75.00001E-03,-68.74995E-03
-6.40400E-03,+50.00001E-03,-40.62495E-03
-6.38400E-03,+100.00001E-03,-34.37495E-03
-6.36400E-03,+112.50001E-03,-46.87495E-03
-6.34400E-03,+162.50001E-03,-37.49995E-03
-6.32400E-03,+125.00001E-03,-34.37495E-03
-6.30400E-03,+112.50001E-03,-34.37495E-03
-6.28400E-03,+112.50001E-03,-34.37495E-03
-6.26400E-03,+112.50001E-03,-9.37495E-03
-6.24400E-03,+212.50001E-03,-3.12495E-03
-6.22400E-03,+137.50001E-03,-3.12495E-03
-6.20400E-03,+112.50001E-03,-15.62495E-03
-6.18400E-03,+162.50001E-03,+18.75005E-03
-6.16400E-03,+125.00001E-03,+28.12505E-03
-6.14400E-03,+162.50001E-03,+40.62505E-03
-6.12400E-03,+125.00001E-03,+56.25005E-03
-6.10400E-03,+112.50001E-03,+46.87505E-03
-6.08400E-03,+112.50001E-03,+43.75005E-03
-6.06400E-03,+112.50001E-03,+43.75005E-03
-6.04400E-03,+112.50001E-03,+68.75005E-03
-6.02400E-03,+112.50001E-03,+62.50005E-03
-6.00400E-03,+162.50001E-03,+84.37505E-03
-5.98400E-03,+175.00001E-03,+90.62505E-03
-5.96400E-03,+125.00001E-03,+90.62505E-03
-5.94400E-03,+162.50001E-03,+90.62505E-03
-5.92400E-03,+175.00001E-03,+90.62505E-03
-5.90400E-03,+175.00001E-03,+90.62505E-03
-5.88400E-03,+225.00001E-03,+103.12505E-03
-5.86400E-03,+187.50001E-03,+93.75005E-03
-5.84400E-03,+175.00001E-03,+115.62505E-03
-5.82400E-03,+125.00001E-03,+109.37505E-03
-5.80400E-03,+162.50001E-03,+106.25005E-03
-5.78400E-03,+125.00001E-03,+106.25005E-03
-5.76400E-03,+162.50001E-03,+106.25005E-03
-5.74400E-03,+175.00001E-03,+118.75005E-03
-5.72400E-03,+125.00001E-03,+96.87505E-03
-5.70400E-03,+112.50001E-03,+103.12505E-03
-5.68400E-03,+162.50001E-03,+118.75005E-03
-5.66400E-03,+75.00001E-03,+109.37505E-03
-5.64400E-03,+150.00001E-03,+118.75005E-03
-5.62400E-03,+175.00001E-03,+109.37505E-03
-5.60400E-03,+125.00001E-03,+81.25005E-03
-5.58400E-03,+112.50001E-03,+100.00005E-03
-5.56400E-03,+112.50001E-03,+118.75005E-03
-5.54400E-03,+112.50001E-03,+121.87505E-03
-5.52400E-03,+162.50001E-03,+121.87505E-03
-5.50400E-03,+125.00001E-03,+96.87505E-03
-5.48400E-03,+112.50001E-03,+78.12505E-03
-5.46400E-03,+162.50001E-03,+87.50005E-03
-5.44400E-03,+125.00001E-03,+78.12505E-03
-5.42400E-03,+112.50001E-03,+100.00005E-03
-5.40400E-03,+112.50001E-03,+93.75005E-03
-5.38400E-03,+162.50001E-03,+90.62505E-03
-5.36400E-03,+125.00001E-03,+78.12505E-03
-5.34400E-03,+112.50001E-03,+62.50005E-03
-5.32400E-03,+112.50001E-03,+71.87505E-03
-5.30400E-03,+162.50001E-03,+87.50005E-03
-5.28400E-03,+125.00001E-03,+78.12505E-03
-5.26400E-03,+112.50001E-03,+62.50005E-03
-5.24400E-03,+112.50001E-03,+59.37505E-03
-5.22400E-03,+162.50001E-03,+59.37505E-03
-5.20400E-03,+175.00001E-03,+59.37505E-03
-5.18400E-03,+125.00001E-03,+34.37505E-03
-5.16400E-03,+212.50001E-03,+15.62505E-03
-5.14400E-03,+137.50001E-03,+37.50005E-03
-5.12400E-03,+112.50001E-03,+18.75005E-03
-5.10400E-03,+112.50001E-03,+12.50005E-03
-5.08400E-03,+162.50001E-03,+12.50005E-03
-5.06400E-03,+125.00001E-03,+12.50005E-03
-5.04400E-03,+162.50001E-03,-12.49995E-03
-5.02400E-03,+225.00001E-03,-6.24995E-03
-5.00400E-03,+187.50001E-03,-3.12495E-03
-4.98400E-03,+125.00001E-03,+9.37505E-03
-4.96400E-03,+162.50001E-03,+50.0000000000000E-09
-4.94400E-03,+125.00001E-03,-3.12495E-03
-4.92400E-03,+112.50001E-03,-3.12495E-03
-4.90400E-03,+162.50001E-03,-3.12495E-03
-4.88400E-03,+125.00001E-03,+9.37505E-03
-4.86400E-03,+162.50001E-03,+50.0000000000000E-09
-4.84400E-03,+125.00001E-03,+21.87505E-03
-4.82400E-03,+112.50001E-03,-21.87495E-03
-4.80400E-03,+112.50001E-03,-21.87495E-03
-4.78400E-03,+112.50001E-03,+6.25005E-03
-4.76400E-03,+162.50001E-03,-24.99995E-03
-4.74400E-03,+175.00001E-03,-21.87495E-03
-4.72400E-03,+175.00001E-03,-6.24995E-03
-4.70400E-03,+125.00001E-03,-3.12495E-03
-4.68400E-03,+112.50001E-03,-15.62495E-03
-4.66400E-03,+162.50001E-03,+18.75005E-03
-4.64400E-03,+175.00001E-03,-9.37495E-03
-4.62400E-03,+125.00001E-03,-31.24995E-03
-4.60400E-03,+112.50001E-03,-21.87495E-03
-4.58400E-03,+162.50001E-03,-18.74995E-03
-4.56400E-03,+175.00001E-03,-18.74995E-03
-4.54400E-03,+175.00001E-03,-31.24995E-03
-4.52400E-03,+175.00001E-03,-21.87495E-03
-4.50400E-03,+175.00001E-03,+6.25005E-03
-4.48400E-03,+175.00001E-03,-12.49995E-03
-4.46400E-03,+175.00001E-03,-31.24995E-03
-4.44400E-03,+175.00001E-03,-9.37495E-03
-4.42400E-03,+125.00001E-03,-3.12495E-03
-4.40400E-03,+112.50001E-03,-3.12495E-03
-4.38400E-03,+112.50001E-03,-3.12495E-03
-4.36400E-03,+162.50001E-03,-15.62495E-03
-4.34400E-03,+75.00001E-03,-6.24995E-03
-4.32400E-03,+100.00001E-03,+9.37505E-03
-4.30400E-03,+112.50001E-03,+12.50005E-03
-4.28400E-03,+162.50001E-03,+25.00005E-03
-4.26400E-03,+175.00001E-03,+15.62505E-03
-4.24400E-03,+125.00001E-03,+25.00005E-03
-4.22400E-03,+112.50001E-03,+40.62505E-03
-4.20400E-03,+112.50001E-03,+43.75005E-03
-4.18400E-03,+112.50001E-03,+18.75005E-03
-4.16400E-03,+162.50001E-03,+25.00005E-03
-4.14400E-03,+125.00001E-03,+28.12505E-03
-4.12400E-03,+112.50001E-03,+28.12505E-03
-4.10400E-03,+112.50001E-03,+28.12505E-03
-4.08400E-03,+112.50001E-03,+40.62505E-03
-4.06400E-03,+162.50001E-03,+43.75005E-03
-4.04400E-03,+175.00001E-03,+43.75005E-03
-4.02400E-03,+125.00001E-03,+68.75005E-03
-4.00400E-03,+162.50001E-03,+50.00005E-03
-3.98400E-03,+175.00001E-03,+43.75005E-03
-3.96400E-03,+75.00001E-03,+56.25005E-03
-3.94400E-03,+100.00001E-03,+34.37505E-03
-3.92400E-03,+162.50001E-03,+28.12505E-03
-3.90400E-03,+175.00001E-03,+53.12505E-03
-3.88400E-03,+125.00001E-03,+59.37505E-03
-3.86400E-03,+162.50001E-03,+59.37505E-03
-3.84400E-03,+125.00001E-03,+59.37505E-03
-3.82400E-03,+162.50001E-03,+59.37505E-03
-3.80400E-03,+125.00001E-03,+34.37505E-03
-3.78400E-03,+162.50001E-03,+53.12505E-03
-3.76400E-03,+175.00001E-03,+71.87505E-03
-3.74400E-03,+125.00001E-03,+62.50005E-03
-3.72400E-03,+112.50001E-03,+59.37505E-03
-3.70400E-03,+112.50001E-03,+59.37505E-03
-3.68400E-03,+162.50001E-03,+59.37505E-03
-3.66400E-03,+125.00001E-03,+71.87505E-03
-3.64400E-03,+112.50001E-03,+62.50005E-03
-3.62400E-03,+112.50001E-03,+9.37505E-03
-3.60400E-03,+212.50001E-03,+59.37505E-03
-3.58400E-03,+187.50001E-03,+62.50005E-03
-3.56400E-03,+125.00001E-03,+71.87505E-03
-3.54400E-03,+112.50001E-03,+75.00005E-03
-3.52400E-03,+162.50001E-03,+62.50005E-03
-3.50400E-03,+175.00001E-03,+59.37505E-03
-3.48400E-03,+175.00001E-03,+59.37505E-03
-3.46400E-03,+125.00001E-03,+84.37505E-03
-3.44400E-03,+162.50001E-03,+78.12505E-03
-3.42400E-03,+125.00001E-03,+75.00005E-03
-3.40400E-03,+112.50001E-03,+62.50005E-03
-3.38400E-03,+112.50001E-03,+46.87505E-03
-3.36400E-03,+112.50001E-03,+43.75005E-03
-3.34400E-03,+112.50001E-03,+31.25005E-03
-3.32400E-03,+112.50001E-03,+28.12505E-03
-3.30400E-03,+162.50001E-03,+28.12505E-03
-3.28400E-03,+175.00001E-03,+65.62505E-03
-3.26400E-03,+125.00001E-03,+50.00005E-03
-3.24400E-03,+162.50001E-03,+43.75005E-03
-3.22400E-03,+125.00001E-03,+43.75005E-03
-3.20400E-03,+162.50001E-03,+18.75005E-03
-3.18400E-03,+125.00001E-03,+37.50005E-03
-3.16400E-03,+112.50001E-03,+31.25005E-03
-3.14400E-03,+162.50001E-03,+28.12505E-03
-3.12400E-03,+175.00001E-03,+28.12505E-03
-3.10400E-03,+125.00001E-03,+28.12505E-03
-3.08400E-03,+112.50001E-03,+40.62505E-03
-3.06400E-03,+112.50001E-03,+31.25005E-03
-3.04400E-03,+112.50001E-03,+53.12505E-03
-3.02400E-03,+112.50001E-03,+21.87505E-03
-3.00400E-03,+112.50001E-03,+37.50005E-03
-2.98400E-03,+162.50001E-03,+31.25005E-03
-2.96400E-03,+125.00001E-03,+15.62505E-03
-2.94400E-03,+112.50001E-03,+12.50005E-03
-2.92400E-03,+162.50001E-03,+25.00005E-03
-2.90400E-03,+125.00001E-03,+3.12505E-03
-2.88400E-03,+162.50001E-03,+9.37505E-03
-2.86400E-03,+125.00001E-03,+37.50005E-03
-2.84400E-03,+162.50001E-03,+18.75005E-03
-2.82400E-03,+125.00001E-03,+50.0000000000000E-09
-2.80400E-03,+112.50001E-03,-3.12495E-03
-2.78400E-03,+112.50001E-03,-15.62495E-03
-2.76400E-03,+112.50001E-03,+6.25005E-03
-2.74400E-03,+162.50001E-03,+50.0000000000000E-09
-2.72400E-03,+125.00001E-03,-3.12495E-03
-2.70400E-03,+162.50001E-03,+9.37505E-03
-2.68400E-03,+125.00001E-03,+12.50005E-03
-2.66400E-03,+112.50001E-03,+50.0000000000000E-09
-2.64400E-03,+112.50001E-03,-15.62495E-03
-2.62400E-03,+112.50001E-03,-6.24995E-03
-2.60400E-03,+62.50001E-03,-3.12495E-03
-2.58400E-03,+50.00001E-03,+21.87505E-03
-2.56400E-03,+100.00001E-03,+15.62505E-03
-2.54400E-03,+162.50001E-03,+50.0000000000000E-09
-2.52400E-03,+125.00001E-03,+9.37505E-03
-2.50400E-03,+162.50001E-03,+12.50005E-03
-2.48400E-03,+125.00001E-03,+25.00005E-03
-2.46400E-03,+112.50001E-03,+40.62505E-03
-2.44400E-03,+112.50001E-03,+31.25005E-03
-2.42400E-03,+112.50001E-03,+3.12505E-03
-2.40400E-03,+112.50001E-03,+21.87505E-03
-2.38400E-03,+162.50001E-03,-9.37495E-03
-2.36400E-03,+125.00001E-03,+18.75005E-03
-2.34400E-03,+162.50001E-03,+40.62505E-03
-2.32400E-03,+175.00001E-03,+18.75005E-03
-2.30400E-03,+175.00001E-03,+12.50005E-03
-2.28400E-03,+175.00001E-03,+25.00005E-03
-2.26400E-03,+175.00001E-03,+15.62505E-03
-2.24400E-03,+175.00001E-03,+25.00005E-03
-2.22400E-03,+175.00001E-03,+15.62505E-03
-2.20400E-03,+125.00001E-03,+12.50005E-03
-2.18400E-03,+212.50001E-03,+37.50005E-03
-2.16400E-03,+137.50001E-03,+18.75005E-03
-2.14400E-03,+112.50001E-03,+25.00005E-03
-2.12400E-03,+162.50001E-03,+28.12505E-03
-2.10400E-03,+175.00001E-03,+15.62505E-03
-2.08400E-03,+125.00001E-03,+25.00005E-03
-2.06400E-03,+112.50001E-03,+28.12505E-03
-2.04400E-03,+112.50001E-03,+28.12505E-03
-2.02400E-03,+112.50001E-03,+28.12505E-03
-2.00400E-03,+212.50001E-03,+28.12505E-03
-1.98400E-03,+137.50001E-03,+40.62505E-03
-1.96400E-03,+162.50001E-03,+31.25005E-03
-1.94400E-03,+125.00001E-03,+40.62505E-03
-1.92400E-03,+112.50001E-03,+56.25005E-03
-1.90400E-03,+162.50001E-03,+34.37505E-03
-1.88400E-03,+175.00001E-03,+28.12505E-03
-1.86400E-03,+175.00001E-03,+40.62505E-03
-1.84400E-03,+125.00001E-03,+43.75005E-03
-1.82400E-03,+112.50001E-03,+56.25005E-03
-1.80400E-03,+112.50001E-03,+59.37505E-03
-1.78400E-03,+212.50001E-03,+59.37505E-03
-1.76400E-03,+137.50001E-03,+34.37505E-03
-1.74400E-03,+112.50001E-03,+53.12505E-03
-1.72400E-03,+162.50001E-03,+21.87505E-03
-1.70400E-03,+125.00001E-03,+12.50005E-03
-1.68400E-03,+62.50001E-03,+50.00005E-03
-1.66400E-03,+100.00001E-03,+46.87505E-03
-1.64400E-03,+112.50001E-03,+43.75005E-03
-1.62400E-03,+162.50001E-03,+43.75005E-03
-1.60400E-03,+225.00001E-03,+43.75005E-03
-1.58400E-03,+187.50001E-03,+31.25005E-03
-1.56400E-03,+125.00001E-03,+40.62505E-03
-1.54400E-03,+112.50001E-03,+6.25005E-03
-1.52400E-03,+162.50001E-03,+46.87505E-03
-1.50400E-03,+125.00001E-03,+46.87505E-03
-1.48400E-03,+162.50001E-03,+43.75005E-03
-1.46400E-03,+125.00001E-03,+43.75005E-03
-1.44400E-03,+162.50001E-03,+31.25005E-03
-1.42400E-03,+75.00001E-03,+28.12505E-03
-1.40400E-03,+100.00001E-03,+40.62505E-03
-1.38400E-03,+112.50001E-03,+31.25005E-03
-1.36400E-03,+112.50001E-03,+28.12505E-03
-1.34400E-03,+62.50001E-03,+40.62505E-03
-1.32400E-03,+150.00001E-03,+43.75005E-03
-1.30400E-03,+175.00001E-03,+43.75005E-03
-1.28400E-03,+125.00001E-03,+43.75005E-03
-1.26400E-03,+162.50001E-03,+18.75005E-03
-1.24400E-03,+175.00001E-03,+25.00005E-03
-1.22400E-03,+175.00001E-03,+40.62505E-03
-1.20400E-03,+125.00001E-03,+31.25005E-03
-1.18400E-03,+162.50001E-03,+40.62505E-03
-1.16400E-03,+125.00001E-03,+31.25005E-03
-1.14400E-03,+112.50001E-03,+40.62505E-03
-1.12400E-03,+112.50001E-03,+31.25005E-03
-1.10400E-03,+62.50001E-03,+28.12505E-03
-1.08400E-03,+100.00001E-03,+40.62505E-03
-1.06400E-03,+162.50001E-03,+31.25005E-03
-1.04400E-03,+125.00001E-03,+28.12505E-03
-1.02400E-03,+162.50001E-03,+40.62505E-03
-1.00400E-03,+225.00001E-03,+31.25005E-03
-984.00E-06,+187.50001E-03,+40.62505E-03
-964.00E-06,+175.00001E-03,+31.25005E-03
-944.00E-06,+175.00001E-03,+65.62505E-03
-924.00E-06,+75.00001E-03,+37.50005E-03
-904.00E-06,+100.00001E-03,+28.12505E-03
-884.00E-06,+162.50001E-03,+28.12505E-03
-864.00E-06,+175.00001E-03,+28.12505E-03
-844.00E-06,+175.00001E-03,+15.62505E-03
-824.00E-06,+125.00001E-03,+25.00005E-03
-804.00E-06,+112.50001E-03,+40.62505E-03
-784.00E-06,+162.50001E-03,+18.75005E-03
-764.00E-06,+125.00001E-03,+50.0000000000000E-09
-744.00E-06,+112.50001E-03,+34.37505E-03
-724.00E-06,+112.50001E-03,+18.75005E-03
-704.00E-06,+162.50001E-03,+12.50005E-03
-684.00E-06,+125.00001E-03,+12.50005E-03
-664.00E-06,+112.50001E-03,+25.00005E-03
-644.00E-06,+162.50001E-03,+28.12505E-03
-624.00E-06,+175.00001E-03,+40.62505E-03
-604.00E-06,+125.00001E-03,+31.25005E-03
-584.00E-06,+162.50001E-03,+40.62505E-03
-564.00E-06,+175.00001E-03,+43.75005E-03
-544.00E-06,+125.00001E-03,+31.25005E-03
-524.00E-06,+112.50001E-03,+28.12505E-03
-504.00E-06,+112.50001E-03,+15.62505E-03
-484.00E-06,+162.50001E-03,+37.50005E-03
-464.00E-06,+175.00001E-03,+18.75005E-03
-444.00E-06,+125.00001E-03,+12.50005E-03
-424.00E-06,+162.50001E-03,+12.50005E-03
-404.00E-06,+175.00001E-03,+62.50005E-03
-384.00E-06,+175.00001E-03,+62.50005E-03
-364.00E-06,+175.00001E-03,+21.87505E-03
-344.00E-06,+175.00001E-03,+37.50005E-03
-324.00E-06,+175.00001E-03,+31.25005E-03
-304.00E-06,+125.00001E-03,+3.12505E-03
-284.00E-06,+162.50001E-03,+9.37505E-03
-264.00E-06,+125.00001E-03,+12.50005E-03
-244.00E-06,+162.50001E-03,+12.50005E-03
-224.00E-06,+125.00001E-03,+25.00005E-03
-204.00E-06,+112.50001E-03,+40.62505E-03
-184.00E-06,+162.50001E-03,+18.75005E-03
-164.00E-06,+125.00001E-03,+25.00005E-03
-144.00E-06,+162.50001E-03,+15.62505E-03
-124.00E-06,+175.00001E-03,+25.00005E-03
-104.00E-06,+125.00001E-03,+40.62505E-03
-84.00E-06,+112.50001E-03,+31.25005E-03
-64.00E-06,+112.50001E-03,+28.12505E-03
-44.00E-06,+112.50001E-03,+40.62505E-03
-24.00E-06,+112.50001E-03,+18.75005E-03
-4.00E-06,+112.50001E-03,+25.00005E-03
+16.00E-06,+2.56250001E+00,+40.62505E-03
+36.00E-06,+3.12500001E+00,+43.75005E-03
+56.00E-06,+3.11250001E+00,+31.25005E-03
+76.00E-06,+3.11250001E+00,+65.62505E-03
+96.00E-06,+3.16250001E+00,+75.00005E-03
+116.00E-06,+3.17500001E+00,+62.50005E-03
+136.00E-06,+3.17500001E+00,+96.87505E-03
+156.00E-06,+3.12500001E+00,+93.75005E-03
+176.00E-06,+3.16250001E+00,+128.12505E-03
+196.00E-06,+3.17500001E+00,+162.50005E-03
+216.00E-06,+3.12500001E+00,+181.25005E-03
+236.00E-06,+3.16250001E+00,+209.37505E-03
+256.00E-06,+3.17500001E+00,+215.62505E-03
+276.00E-06,+3.17500001E+00,+240.62505E-03
+296.00E-06,+3.12500001E+00,+246.87505E-03
+316.00E-06,+3.11250001E+00,+284.37505E-03
+336.00E-06,+3.16250001E+00,+306.25005E-03
+356.00E-06,+3.17500001E+00,+359.37505E-03
+376.00E-06,+3.12500001E+00,+371.87505E-03
+396.00E-06,+3.11250001E+00,+396.87505E-03
+416.00E-06,+3.11250001E+00,+440.62505E-03
+436.00E-06,+3.11250001E+00,+475.00005E-03
+456.00E-06,+3.16250001E+00,+518.75005E-03
+476.00E-06,+3.12500001E+00,+553.12505E-03
+496.00E-06,+3.11250001E+00,+584.37505E-03
+516.00E-06,+3.06250001E+00,+615.62505E-03
+536.00E-06,+3.10000001E+00,+659.37505E-03
+556.00E-06,+3.11250001E+00,+693.75005E-03
+576.00E-06,+3.16250001E+00,+712.50005E-03
+596.00E-06,+3.17500001E+00,+728.12505E-03
+616.00E-06,+3.17500001E+00,+781.25005E-03
+636.00E-06,+3.22500001E+00,+806.25005E-03
+656.00E-06,+3.13750001E+00,+821.87505E-03
+676.00E-06,+3.11250001E+00,+837.50005E-03
+696.00E-06,+3.11250001E+00,+878.12505E-03
+716.00E-06,+3.11250001E+00,+862.50005E-03
+736.00E-06,+3.11250001E+00,+918.75005E-03
+756.00E-06,+3.11250001E+00,+946.87505E-03
+776.00E-06,+3.06250001E+00,+950.00005E-03
+796.00E-06,+3.15000001E+00,+987.50005E-03
+816.00E-06,+3.12500001E+00,+984.37505E-03
+836.00E-06,+3.16250001E+00,+1.03125005E+00
+856.00E-06,+3.12500001E+00,+1.00625005E+00
+876.00E-06,+3.11250001E+00,+1.02187505E+00
+896.00E-06,+3.11250001E+00,+1.02812505E+00
+916.00E-06,+3.16250001E+00,+1.04062505E+00
+936.00E-06,+3.12500001E+00,+1.04375005E+00
+956.00E-06,+3.16250001E+00,+1.05625005E+00
+976.00E-06,+3.12500001E+00,+1.04687505E+00
+996.00E-06,+3.16250001E+00,+1.06875005E+00
+1.01600E-03,+3.12500001E+00,+1.08750005E+00
+1.03600E-03,+3.11250001E+00,+1.07812505E+00
+1.05600E-03,+3.11250001E+00,+1.07500005E+00
+1.07600E-03,+3.16250001E+00,+1.07500005E+00
+1.09600E-03,+3.12500001E+00,+1.07500005E+00
+1.11600E-03,+3.16250001E+00,+1.07500005E+00
+1.13600E-03,+3.12500001E+00,+1.05000005E+00
+1.15600E-03,+3.16250001E+00,+1.04375005E+00
+1.17600E-03,+3.17500001E+00,+1.04375005E+00
+1.19600E-03,+3.17500001E+00,+1.03125005E+00
+1.21600E-03,+3.17500001E+00,+1.01562505E+00
+1.23600E-03,+3.12500001E+00,+1.00000005E+00
+1.25600E-03,+3.11250001E+00,+996.87505E-03
+1.27600E-03,+3.16250001E+00,+996.87505E-03
+1.29600E-03,+3.12500001E+00,+959.37505E-03
+1.31600E-03,+3.11250001E+00,+950.00005E-03
+1.33600E-03,+3.06250001E+00,+925.00005E-03
+1.35600E-03,+3.10000001E+00,+918.75005E-03
+1.37600E-03,+3.11250001E+00,+893.75005E-03
+1.39600E-03,+3.11250001E+00,+875.00005E-03
+1.41600E-03,+3.16250001E+00,+846.87505E-03
+1.43600E-03,+3.12500001E+00,+828.12505E-03
+1.45600E-03,+3.16250001E+00,+800.00005E-03
+1.47600E-03,+3.17500001E+00,+781.25005E-03
+1.49600E-03,+3.12500001E+00,+765.62505E-03
+1.51600E-03,+3.16250001E+00,+750.00005E-03
+1.53600E-03,+3.12500001E+00,+721.87505E-03
+1.55600E-03,+3.06250001E+00,+715.62505E-03
+1.57600E-03,+3.10000001E+00,+690.62505E-03
+1.59600E-03,+3.06250001E+00,+671.87505E-03
+1.61600E-03,+3.15000001E+00,+656.25005E-03
+1.63600E-03,+3.17500001E+00,+628.12505E-03
+1.65600E-03,+3.07500001E+00,+609.37505E-03
+1.67600E-03,+3.10000001E+00,+618.75005E-03
+1.69600E-03,+3.16250001E+00,+621.87505E-03
+1.71600E-03,+3.12500001E+00,+571.87505E-03
+1.73600E-03,+3.11250001E+00,+559.37505E-03
+1.75600E-03,+3.16250001E+00,+559.37505E-03
+1.77600E-03,+3.12500001E+00,+534.37505E-03
+1.79600E-03,+3.11250001E+00,+540.62505E-03
+1.81600E-03,+3.06250001E+00,+531.25005E-03
+1.83600E-03,+3.15000001E+00,+503.12505E-03
+1.85600E-03,+3.12500001E+00,+509.37505E-03
+1.87600E-03,+3.11250001E+00,+475.00005E-03
+1.89600E-03,+3.11250001E+00,+490.62505E-03
+1.91600E-03,+3.16250001E+00,+471.87505E-03
+1.93600E-03,+3.17500001E+00,+465.62505E-03
+1.95600E-03,+3.12500001E+00,+453.12505E-03
+1.97600E-03,+3.11250001E+00,+437.50005E-03
+1.99600E-03,+3.16250001E+00,+434.37505E-03
+2.01600E-03,+3.12500001E+00,+446.87505E-03
+2.03600E-03,+3.11250001E+00,+450.00005E-03
+2.05600E-03,+3.06250001E+00,+450.00005E-03
+2.07600E-03,+3.15000001E+00,+475.00005E-03
+2.09600E-03,+3.17500001E+00,+456.25005E-03
+2.11600E-03,+3.12500001E+00,+437.50005E-03
+2.13600E-03,+3.16250001E+00,+459.37505E-03
+2.15600E-03,+3.12500001E+00,+453.12505E-03
+2.17600E-03,+3.11250001E+00,+475.00005E-03
+2.19600E-03,+3.16250001E+00,+481.25005E-03
+2.21600E-03,+3.17500001E+00,+481.25005E-03
+2.23600E-03,+3.12500001E+00,+481.25005E-03
+2.25600E-03,+3.11250001E+00,+468.75005E-03
+2.27600E-03,+3.11250001E+00,+490.62505E-03
+2.29600E-03,+3.11250001E+00,+509.37505E-03
+2.31600E-03,+3.06250001E+00,+525.00005E-03
+2.33600E-03,+3.10000001E+00,+528.12505E-03
+2.35600E-03,+3.11250001E+00,+528.12505E-03
+2.37600E-03,+3.11250001E+00,+528.12505E-03
+2.39600E-03,+3.16250001E+00,+553.12505E-03
+2.41600E-03,+3.07500001E+00,+571.87505E-03
+2.43600E-03,+3.15000001E+00,+562.50005E-03
+2.45600E-03,+3.17500001E+00,+596.87505E-03
+2.47600E-03,+3.17500001E+00,+643.75005E-03
+2.49600E-03,+3.12500001E+00,+640.62505E-03
+2.51600E-03,+3.11250001E+00,+637.50005E-03
+2.53600E-03,+3.16250001E+00,+650.00005E-03
+2.55600E-03,+3.17500001E+00,+653.12505E-03
+2.57600E-03,+3.12500001E+00,+665.62505E-03
+2.59600E-03,+3.06250001E+00,+681.25005E-03
+2.61600E-03,+3.10000001E+00,+671.87505E-03
+2.63600E-03,+3.11250001E+00,+693.75005E-03
+2.65600E-03,+3.11250001E+00,+687.50005E-03
+2.67600E-03,+3.11250001E+00,+696.87505E-03
+2.69600E-03,+3.16250001E+00,+712.50005E-03
+2.71600E-03,+3.12500001E+00,+728.12505E-03
+2.73600E-03,+3.11250001E+00,+731.25005E-03
+2.75600E-03,+3.11250001E+00,+743.75005E-03
+2.77600E-03,+3.11250001E+00,+759.37505E-03
+2.79600E-03,+3.11250001E+00,+762.50005E-03
+2.81600E-03,+3.16250001E+00,+750.00005E-03
+2.83600E-03,+3.17500001E+00,+784.37505E-03
+2.85600E-03,+3.12500001E+00,+806.25005E-03
+2.87600E-03,+3.06250001E+00,+796.87505E-03
+2.89600E-03,+3.10000001E+00,+793.75005E-03
+2.91600E-03,+3.16250001E+00,+806.25005E-03
+2.93600E-03,+3.12500001E+00,+821.87505E-03
+2.95600E-03,+3.16250001E+00,+812.50005E-03
+2.97600E-03,+3.17500001E+00,+796.87505E-03
+2.99600E-03,+3.17500001E+00,+818.75005E-03
+3.01600E-03,+3.17500001E+00,+825.00005E-03
+3.03600E-03,+3.12500001E+00,+825.00005E-03
+3.05600E-03,+3.11250001E+00,+850.00005E-03
+3.07600E-03,+3.11250001E+00,+831.25005E-03
+3.09600E-03,+3.16250001E+00,+825.00005E-03
+3.11600E-03,+3.12500001E+00,+825.00005E-03
+3.13600E-03,+3.16250001E+00,+812.50005E-03
+3.15600E-03,+3.12500001E+00,+821.87505E-03
+3.17600E-03,+3.11250001E+00,+825.00005E-03
+3.19600E-03,+3.16250001E+00,+812.50005E-03
+3.21600E-03,+3.12500001E+00,+821.87505E-03
+3.23600E-03,+3.16250001E+00,+825.00005E-03
+3.25600E-03,+3.17500001E+00,+800.00005E-03
+3.27600E-03,+3.17500001E+00,+793.75005E-03
+3.29600E-03,+3.12500001E+00,+768.75005E-03
+3.31600E-03,+3.11250001E+00,+775.00005E-03
+3.33600E-03,+3.16250001E+00,+765.62505E-03
+3.35600E-03,+3.12500001E+00,+762.50005E-03
+3.37600E-03,+3.11250001E+00,+762.50005E-03
+3.39600E-03,+3.11250001E+00,+775.00005E-03
+3.41600E-03,+3.16250001E+00,+753.12505E-03
+3.43600E-03,+3.12500001E+00,+759.37505E-03
+3.45600E-03,+3.11250001E+00,+775.00005E-03
+3.47600E-03,+3.11250001E+00,+778.12505E-03
+3.49600E-03,+3.16250001E+00,+740.62505E-03
+3.51600E-03,+3.17500001E+00,+718.75005E-03
+3.53600E-03,+3.12500001E+00,+703.12505E-03
+3.55600E-03,+3.16250001E+00,+737.50005E-03
+3.57600E-03,+3.12500001E+00,+709.37505E-03
+3.59600E-03,+3.11250001E+00,+700.00005E-03
+3.61600E-03,+3.11250001E+00,+700.00005E-03
+3.63600E-03,+3.11250001E+00,+675.00005E-03
+3.65600E-03,+3.11250001E+00,+668.75005E-03
+3.67600E-03,+3.11250001E+00,+681.25005E-03
+3.69600E-03,+3.11250001E+00,+684.37505E-03
+3.71600E-03,+3.11250001E+00,+671.87505E-03
+3.73600E-03,+3.16250001E+00,+656.25005E-03
+3.75600E-03,+3.12500001E+00,+640.62505E-03
+3.77600E-03,+3.11250001E+00,+650.00005E-03
+3.79600E-03,+3.11250001E+00,+665.62505E-03
+3.81600E-03,+3.11250001E+00,+631.25005E-03
+3.83600E-03,+3.16250001E+00,+621.87505E-03
+3.85600E-03,+3.12500001E+00,+634.37505E-03
+3.87600E-03,+3.16250001E+00,+625.00005E-03
+3.89600E-03,+3.12500001E+00,+609.37505E-03
+3.91600E-03,+3.11250001E+00,+618.75005E-03
+3.93600E-03,+3.11250001E+00,+609.37505E-03
+3.95600E-03,+3.11250001E+00,+618.75005E-03
+3.97600E-03,+3.16250001E+00,+596.87505E-03
+3.99600E-03,+3.07500001E+00,+603.12505E-03
+4.01600E-03,+3.10000001E+00,+606.25005E-03
+4.03600E-03,+3.11250001E+00,+593.75005E-03
+4.05600E-03,+3.16250001E+00,+603.12505E-03
+4.07600E-03,+3.12500001E+00,+606.25005E-03
+4.09600E-03,+3.11250001E+00,+593.75005E-03
+4.11600E-03,+3.11250001E+00,+603.12505E-03
+4.13600E-03,+3.16250001E+00,+593.75005E-03
+4.15600E-03,+3.12500001E+00,+590.62505E-03
+4.17600E-03,+3.11250001E+00,+615.62505E-03
+4.19600E-03,+3.11250001E+00,+621.87505E-03
+4.21600E-03,+3.11250001E+00,+621.87505E-03
+4.23600E-03,+3.11250001E+00,+621.87505E-03
+4.25600E-03,+3.11250001E+00,+596.87505E-03
+4.27600E-03,+3.11250001E+00,+603.12505E-03
+4.29600E-03,+3.11250001E+00,+618.75005E-03
+4.31600E-03,+3.16250001E+00,+621.87505E-03
+4.33600E-03,+3.17500001E+00,+646.87505E-03
+4.35600E-03,+3.22500001E+00,+615.62505E-03
+4.37600E-03,+3.18750001E+00,+631.25005E-03
+4.39600E-03,+3.12500001E+00,+637.50005E-03
+4.41600E-03,+3.11250001E+00,+625.00005E-03
+4.43600E-03,+3.11250001E+00,+634.37505E-03
+4.45600E-03,+3.16250001E+00,+637.50005E-03
+4.47600E-03,+3.17500001E+00,+637.50005E-03
+4.49600E-03,+3.12500001E+00,+637.50005E-03
+4.51600E-03,+3.16250001E+00,+637.50005E-03
+4.53600E-03,+3.17500001E+00,+650.00005E-03
+4.55600E-03,+3.12500001E+00,+665.62505E-03
+4.57600E-03,+3.16250001E+00,+631.25005E-03
+4.59600E-03,+3.07500001E+00,+671.87505E-03
+4.61600E-03,+3.10000001E+00,+671.87505E-03
+4.63600E-03,+3.06250001E+00,+668.75005E-03
+4.65600E-03,+3.10000001E+00,+681.25005E-03
+4.67600E-03,+3.11250001E+00,+696.87505E-03
+4.69600E-03,+3.11250001E+00,+687.50005E-03
+4.71600E-03,+3.11250001E+00,+671.87505E-03
+4.73600E-03,+3.11250001E+00,+693.75005E-03
+4.75600E-03,+3.16250001E+00,+712.50005E-03
+4.77600E-03,+3.17500001E+00,+703.12505E-03
+4.79600E-03,+3.12500001E+00,+700.00005E-03
+4.81600E-03,+3.11250001E+00,+750.00005E-03
+4.83600E-03,+3.11250001E+00,+725.00005E-03
+4.85600E-03,+3.16250001E+00,+703.12505E-03
+4.87600E-03,+3.17500001E+00,+725.00005E-03
+4.89600E-03,+3.17500001E+00,+731.25005E-03
+4.91600E-03,+3.12500001E+00,+718.75005E-03
+4.93600E-03,+3.16250001E+00,+728.12505E-03
+4.95600E-03,+3.17500001E+00,+731.25005E-03
+4.97600E-03,+3.17500001E+00,+718.75005E-03
+4.99600E-03,+3.17500001E+00,+715.62505E-03
+5.01600E-03,+3.12500001E+00,+740.62505E-03
+5.03600E-03,+3.16250001E+00,+734.37505E-03
+5.05600E-03,+3.12500001E+00,+731.25005E-03
+5.07600E-03,+3.11250001E+00,+731.25005E-03
+5.09600E-03,+3.11250001E+00,+743.75005E-03
+5.11600E-03,+3.11250001E+00,+734.37505E-03
+5.13600E-03,+3.16250001E+00,+756.25005E-03
+5.15600E-03,+3.12500001E+00,+725.00005E-03
+5.17600E-03,+3.11250001E+00,+740.62505E-03
+5.19600E-03,+3.11250001E+00,+734.37505E-03
+5.21600E-03,+3.06250001E+00,+731.25005E-03
+5.23600E-03,+3.05000001E+00,+743.75005E-03
+5.25600E-03,+3.05000001E+00,+746.87505E-03
+5.27600E-03,+3.10000001E+00,+721.87505E-03
+5.29600E-03,+3.11250001E+00,+728.12505E-03
+5.31600E-03,+3.11250001E+00,+731.25005E-03
+5.33600E-03,+3.16250001E+00,+756.25005E-03
+5.35600E-03,+3.17500001E+00,+737.50005E-03
+5.37600E-03,+3.17500001E+00,+693.75005E-03
+5.39600E-03,+3.22500001E+00,+696.87505E-03
+5.41600E-03,+3.18750001E+00,+737.50005E-03
+5.43600E-03,+3.12500001E+00,+709.37505E-03
+5.45600E-03,+3.16250001E+00,+712.50005E-03
+5.47600E-03,+3.12500001E+00,+703.12505E-03
+5.49600E-03,+3.11250001E+00,+700.00005E-03
+5.51600E-03,+3.16250001E+00,+700.00005E-03
+5.53600E-03,+3.12500001E+00,+712.50005E-03
+5.55600E-03,+3.11250001E+00,+715.62505E-03
+5.57600E-03,+3.16250001E+00,+703.12505E-03
+5.59600E-03,+3.12500001E+00,+725.00005E-03
+5.61600E-03,+3.11250001E+00,+706.25005E-03
+5.63600E-03,+3.11250001E+00,+687.50005E-03
+5.65600E-03,+3.11250001E+00,+684.37505E-03
+5.67600E-03,+3.16250001E+00,+671.87505E-03
+5.69600E-03,+3.17500001E+00,+681.25005E-03
+5.71600E-03,+3.17500001E+00,+684.37505E-03
+5.73600E-03,+3.12500001E+00,+684.37505E-03
+5.75600E-03,+3.16250001E+00,+659.37505E-03
+5.77600E-03,+3.07500001E+00,+665.62505E-03
+5.79600E-03,+3.15000001E+00,+693.75005E-03
+5.81600E-03,+3.12500001E+00,+662.50005E-03
+5.83600E-03,+3.16250001E+00,+678.12505E-03
+5.85600E-03,+3.12500001E+00,+671.87505E-03
+5.87600E-03,+3.11250001E+00,+681.25005E-03
+5.89600E-03,+3.16250001E+00,+671.87505E-03
+5.91600E-03,+3.17500001E+00,+681.25005E-03
+5.93600E-03,+3.12500001E+00,+684.37505E-03
+5.95600E-03,+3.16250001E+00,+671.87505E-03
+5.97600E-03,+3.12500001E+00,+668.75005E-03
+5.99600E-03,+3.11250001E+00,+643.75005E-03
+6.01600E-03,+3.16250001E+00,+637.50005E-03
+6.03600E-03,+3.12500001E+00,+675.00005E-03
+6.05600E-03,+3.16250001E+00,+671.87505E-03
+6.07600E-03,+3.17500001E+00,+681.25005E-03
+6.09600E-03,+3.17500001E+00,+671.87505E-03
+6.11600E-03,+3.12500001E+00,+656.25005E-03
+6.13600E-03,+3.11250001E+00,+678.12505E-03
+6.15600E-03,+3.16250001E+00,+659.37505E-03
+6.17600E-03,+3.12500001E+00,+653.12505E-03
+6.19600E-03,+3.16250001E+00,+653.12505E-03
+6.21600E-03,+3.17500001E+00,+665.62505E-03
+6.23600E-03,+3.12500001E+00,+656.25005E-03
+6.25600E-03,+3.16250001E+00,+665.62505E-03
+6.27600E-03,+3.12500001E+00,+681.25005E-03
+6.29600E-03,+3.11250001E+00,+659.37505E-03
+6.31600E-03,+3.11250001E+00,+653.12505E-03
+6.33600E-03,+3.16250001E+00,+653.12505E-03
+6.35600E-03,+3.12500001E+00,+653.12505E-03
+6.37600E-03,+3.16250001E+00,+678.12505E-03
+6.39600E-03,+3.12500001E+00,+671.87505E-03
+6.41600E-03,+3.16250001E+00,+681.25005E-03
+6.43600E-03,+3.07500001E+00,+671.87505E-03
+6.45600E-03,+3.15000001E+00,+681.25005E-03
+6.47600E-03,+3.12500001E+00,+659.37505E-03
+6.49600E-03,+3.06250001E+00,+665.62505E-03
+6.51600E-03,+3.10000001E+00,+681.25005E-03
+6.53600E-03,+3.11250001E+00,+684.37505E-03
+6.55600E-03,+3.16250001E+00,+671.87505E-03
+6.57600E-03,+3.12500001E+00,+693.75005E-03
+6.59600E-03,+3.11250001E+00,+687.50005E-03
+6.61600E-03,+3.11250001E+00,+684.37505E-03
+6.63600E-03,+3.16250001E+00,+671.87505E-03
+6.65600E-03,+3.17500001E+00,+693.75005E-03
+6.67600E-03,+3.12500001E+00,+700.00005E-03
+6.69600E-03,+3.16250001E+00,+675.00005E-03
+6.71600E-03,+3.17500001E+00,+668.75005E-03
+6.73600E-03,+3.12500001E+00,+681.25005E-03
+6.75600E-03,+3.16250001E+00,+684.37505E-03
+6.77600E-03,+3.12500001E+00,+684.37505E-03
+6.79600E-03,+3.16250001E+00,+684.37505E-03
+6.81600E-03,+3.12500001E+00,+684.37505E-03
+6.83600E-03,+3.11250001E+00,+696.87505E-03
+6.85600E-03,+3.11250001E+00,+700.00005E-03
+6.87600E-03,+3.11250001E+00,+687.50005E-03
+6.89600E-03,+3.16250001E+00,+684.37505E-03
+6.91600E-03,+3.12500001E+00,+684.37505E-03
+6.93600E-03,+3.16250001E+00,+684.37505E-03
+6.95600E-03,+3.12500001E+00,+684.37505E-03
+6.97600E-03,+3.11250001E+00,+696.87505E-03
+6.99600E-03,+3.11250001E+00,+712.50005E-03
+7.01600E-03,+3.16250001E+00,+703.12505E-03
+7.03600E-03,+3.12500001E+00,+700.00005E-03
+7.05600E-03,+3.11250001E+00,+700.00005E-03
+7.07600E-03,+3.16250001E+00,+712.50005E-03
+7.09600E-03,+3.17500001E+00,+703.12505E-03
+7.11600E-03,+3.17500001E+00,+712.50005E-03
+7.13600E-03,+3.07500001E+00,+715.62505E-03
+7.15600E-03,+3.05000001E+00,+703.12505E-03
+7.17600E-03,+3.10000001E+00,+700.00005E-03
+7.19600E-03,+3.11250001E+00,+712.50005E-03
+7.21600E-03,+3.11250001E+00,+728.12505E-03
+7.23600E-03,+3.11250001E+00,+706.25005E-03
+7.25600E-03,+3.11250001E+00,+750.00005E-03
+7.27600E-03,+3.11250001E+00,+700.00005E-03
+7.29600E-03,+3.06250001E+00,+684.37505E-03
+7.31600E-03,+3.10000001E+00,+696.87505E-03
+7.33600E-03,+3.11250001E+00,+687.50005E-03
+7.35600E-03,+3.16250001E+00,+709.37505E-03
+7.37600E-03,+3.12500001E+00,+690.62505E-03
+7.39600E-03,+3.16250001E+00,+696.87505E-03
+7.41600E-03,+3.17500001E+00,+675.00005E-03
+7.43600E-03,+3.07500001E+00,+693.75005E-03
+7.45600E-03,+3.10000001E+00,+675.00005E-03
+7.47600E-03,+3.11250001E+00,+693.75005E-03
+7.49600E-03,+3.11250001E+00,+700.00005E-03
+7.51600E-03,+3.11250001E+00,+687.50005E-03
+7.53600E-03,+3.11250001E+00,+684.37505E-03
+7.55600E-03,+3.16250001E+00,+646.87505E-03
+7.57600E-03,+3.12500001E+00,+675.00005E-03
+7.59600E-03,+3.11250001E+00,+671.87505E-03
+7.61600E-03,+3.16250001E+00,+668.75005E-03
+7.63600E-03,+3.17500001E+00,+681.25005E-03
+7.65600E-03,+3.17500001E+00,+684.37505E-03
+7.67600E-03,+3.12500001E+00,+696.87505E-03
+7.69600E-03,+3.11250001E+00,+687.50005E-03
+7.71600E-03,+3.11250001E+00,+696.87505E-03
+7.73600E-03,+3.16250001E+00,+700.00005E-03
+7.75600E-03,+3.07500001E+00,+687.50005E-03
+7.77600E-03,+3.15000001E+00,+696.87505E-03
+7.79600E-03,+3.17500001E+00,+700.00005E-03
+7.81600E-03,+3.12500001E+00,+687.50005E-03
+7.83600E-03,+3.16250001E+00,+684.37505E-03
+7.85600E-03,+3.12500001E+00,+684.37505E-03
+7.87600E-03,+3.11250001E+00,+671.87505E-03
+7.89600E-03,+3.16250001E+00,+681.25005E-03
+7.91600E-03,+3.12500001E+00,+684.37505E-03
+7.93600E-03,+3.16250001E+00,+684.37505E-03
+7.95600E-03,+3.17500001E+00,+684.37505E-03
+7.97600E-03,+3.22500001E+00,+684.37505E-03
+7.99600E-03,+3.13750001E+00,+684.37505E-03
+8.01600E-03,+3.16250001E+00,+684.37505E-03
+8.03600E-03,+3.17500001E+00,+671.87505E-03
+8.05600E-03,+3.17500001E+00,+681.25005E-03
+8.07600E-03,+3.12500001E+00,+684.37505E-03
+8.09600E-03,+3.11250001E+00,+671.87505E-03
+8.11600E-03,+3.11250001E+00,+681.25005E-03
+8.13600E-03,+3.11250001E+00,+684.37505E-03
+8.15600E-03,+3.11250001E+00,+696.87505E-03
+8.17600E-03,+3.16250001E+00,+675.00005E-03
+8.19600E-03,+3.12500001E+00,+668.75005E-03
+8.21600E-03,+3.11250001E+00,+656.25005E-03
+8.23600E-03,+3.11250001E+00,+678.12505E-03
+8.25600E-03,+3.16250001E+00,+671.87505E-03
+8.27600E-03,+3.12500001E+00,+681.25005E-03
+8.29600E-03,+3.11250001E+00,+671.87505E-03
+8.31600E-03,+3.11250001E+00,+706.25005E-03
+8.33600E-03,+3.06250001E+00,+690.62505E-03
+8.35600E-03,+3.10000001E+00,+684.37505E-03
+8.37600E-03,+3.11250001E+00,+696.87505E-03
+8.39600E-03,+3.11250001E+00,+687.50005E-03
+8.41600E-03,+3.16250001E+00,+659.37505E-03
+8.43600E-03,+3.17500001E+00,+678.12505E-03
+8.45600E-03,+3.12500001E+00,+684.37505E-03
+8.47600E-03,+3.16250001E+00,+684.37505E-03
+8.49600E-03,+3.12500001E+00,+684.37505E-03
+8.51600E-03,+3.16250001E+00,+696.87505E-03
+8.53600E-03,+3.17500001E+00,+675.00005E-03
+8.55600E-03,+3.12500001E+00,+681.25005E-03
+8.57600E-03,+3.11250001E+00,+671.87505E-03
+8.59600E-03,+3.11250001E+00,+693.75005E-03
+8.61600E-03,+3.16250001E+00,+650.00005E-03
+8.63600E-03,+3.17500001E+00,+662.50005E-03
+8.65600E-03,+3.17500001E+00,+656.25005E-03
+8.67600E-03,+3.12500001E+00,+690.62505E-03
+8.69600E-03,+3.11250001E+00,+675.00005E-03
+8.71600E-03,+3.16250001E+00,+681.25005E-03
+8.73600E-03,+3.12500001E+00,+671.87505E-03
+8.75600E-03,+3.06250001E+00,+693.75005E-03
+8.77600E-03,+3.15000001E+00,+687.50005E-03
+8.79600E-03,+3.12500001E+00,+684.37505E-03
+8.81600E-03,+3.16250001E+00,+696.87505E-03
+8.83600E-03,+3.12500001E+00,+687.50005E-03
+8.85600E-03,+3.16250001E+00,+684.37505E-03
+8.87600E-03,+3.12500001E+00,+696.87505E-03
+8.89600E-03,+3.16250001E+00,+712.50005E-03
+8.91600E-03,+3.17500001E+00,+690.62505E-03
+8.93600E-03,+3.12500001E+00,+696.87505E-03
+8.95600E-03,+3.06250001E+00,+712.50005E-03
+8.97600E-03,+3.10000001E+00,+703.12505E-03
+8.99600E-03,+3.11250001E+00,+675.00005E-03
+9.01600E-03,+3.16250001E+00,+681.25005E-03
+9.03600E-03,+3.12500001E+00,+684.37505E-03
+9.05600E-03,+3.16250001E+00,+696.87505E-03
+9.07600E-03,+3.12500001E+00,+700.00005E-03
+9.09600E-03,+3.11250001E+00,+700.00005E-03
+9.11600E-03,+3.11250001E+00,+712.50005E-03
+9.13600E-03,+3.11250001E+00,+690.62505E-03
+9.15600E-03,+3.11250001E+00,+671.87505E-03
+9.17600E-03,+3.11250001E+00,+681.25005E-03
+9.19600E-03,+3.11250001E+00,+684.37505E-03
+9.21600E-03,+3.16250001E+00,+709.37505E-03
+9.23600E-03,+3.07500001E+00,+690.62505E-03
+9.25600E-03,+3.10000001E+00,+684.37505E-03
+9.27600E-03,+3.16250001E+00,+684.37505E-03
+9.29600E-03,+3.17500001E+00,+696.87505E-03
+9.31600E-03,+3.12500001E+00,+700.00005E-03
+9.33600E-03,+3.16250001E+00,+687.50005E-03
+9.35600E-03,+3.12500001E+00,+709.37505E-03
+9.37600E-03,+3.11250001E+00,+678.12505E-03
+9.39600E-03,+3.11250001E+00,+681.25005E-03
+9.41600E-03,+3.11250001E+00,+671.87505E-03
+9.43600E-03,+3.11250001E+00,+693.75005E-03
+9.45600E-03,+3.11250001E+00,+687.50005E-03
+9.47600E-03,+3.11250001E+00,+709.37505E-03
+9.49600E-03,+3.06250001E+00,+690.62505E-03
+9.51600E-03,+3.15000001E+00,+696.87505E-03
+9.53600E-03,+3.12500001E+00,+687.50005E-03
+9.55600E-03,+3.11250001E+00,+696.87505E-03
+9.57600E-03,+3.16250001E+00,+700.00005E-03
+9.59600E-03,+3.12500001E+00,+687.50005E-03
+9.61600E-03,+3.11250001E+00,+684.37505E-03
+9.63600E-03,+3.11250001E+00,+696.87505E-03
+9.65600E-03,+3.16250001E+00,+687.50005E-03
+9.67600E-03,+3.17500001E+00,+684.37505E-03
+9.69600E-03,+3.07500001E+00,+684.37505E-03
+9.71600E-03,+3.15000001E+00,+684.37505E-03
+9.73600E-03,+3.12500001E+00,+696.87505E-03
+9.75600E-03,+3.11250001E+00,+687.50005E-03
+9.77600E-03,+3.11250001E+00,+671.87505E-03
+9.79600E-03,+3.16250001E+00,+681.25005E-03
+9.81600E-03,+3.17500001E+00,+671.87505E-03
+9.83600E-03,+3.07500001E+00,+681.25005E-03
+9.85600E-03,+3.10000001E+00,+684.37505E-03
+9.87600E-03,+3.16250001E+00,+684.37505E-03
+9.89600E-03,+3.17500001E+00,+684.37505E-03
+9.91600E-03,+3.12500001E+00,+671.87505E-03
+9.93600E-03,+3.11250001E+00,+681.25005E-03
+9.95600E-03,+3.06250001E+00,+696.87505E-03
+9.97600E-03,+3.15000001E+00,+700.00005E-03
